{
  "engine_34_fd001": {
    "risk_score": 0.7402876566726511,
    "rul_cycles": 3.698652753342952,
    "health_index": 0.2597123433273489,
    "risk_state": "Critical",
    "rmse": 18.459221643626265
  },
  "rmse_by_dataset": {
    "FD001": 18.459,
    "FD002": 31.125,
    "FD003": 22.798,
    "FD004": 34.410
  }
}
